position,singer,song,year
1,Miss Shirley Bassey and Propellerheads,History Repeating,1998
2,Ricky Martin,The Cup Of Life,1998
3,Мумий Тролль,Так надо,1998
4,Savage Garden,Truly Madly Deeply,1998
5,Блестящие,Облака,1998
6,Madonna,Frozen,1998
7,Андрей Губин,"Я знаю, ты знаешь",1998
8,Celine Dion,My heart will go on,1998
9,Машина Времени,Однажды Мир Прогнется под Нас,1998
10,La Cross,Save Me (Swanlake) (Radio Version),1998
11,Ace of Base,Life Is A Flower,1998
12,Дмитрий Маликов,Звезда моя далёкая,1998
13,Ardis,No Man's Land,1998
14,Маша и Медведи,Любочка,1998
15,Chris Rea,The Blue Cafe,1998
16,Aqua,Turn Back Time,1998
17,Леонид Агутин,Летний дождь,1998
18,Five,When The Lights Go Out,1998
19,2+2,Шум дождя,1998
20,Mariah Carey,My All,1998
21,Vacuum,I Breathe,1998
22,ДДТ,Просвистела,1998
23,Gala,Suddenly,1998
24,Dana International,Diva,1998
25,Мурат Насыров,Я - Это Ты,1998
26,DJ Sash feat. Tina Cousins,Mysterious Times,1998
27,Наталья Ветлицкая,Пчёлы,1998
28,Aerosmith,I Don`t Want to Miss a Thing,1998
29,Шура,Ты не верь слезам,1998
30,Des'ree,Life,1998
31,Агата Кристи,Ковёр-вертолёт,1998
32,E-Type,Angels Cryin',1998
33,Иванушки Int.,Тополиный Пух,1998
34,Scooter,How Much Is The Fish?,1998
35,Spice Girls,Viva Forever,1998
36,Унесенные Ветром,Какао-Какао,1998
37,Jennifer Paige,Crush,1998
38,Cher,Believe,1998
39,Руки Вверх!,Крошка моя,1998
40,Modern Talking,"You're My Heart, You're My Soul '98",1998
1,Britney Spears,...Baby One More Time,1999
2,The Cardigans,Erase/Rewind,1999
3,Ricky Martin,Livin' la Vida Loca,1999
4,Madonna,Nothing Really Matters,1999
5,Bryan Adams,Cloud number 9,1999
6,George Michael & Mary J.Blige,As,1999
7,Андрей Губин,О тебе мечтаю я,1999
8,Edyta Gorniak,One And One,1999
9,Enrique Iglesias,Bailamos,1999
10,The Blondie,Maria,1999
11,DJ Sash feat. Dr.Alban,Colour of the world,1999
12,Backstreet Boys,I Want It That Way,1999
13,A-Teens,Mamma Mia,1999
14,E-Type,Here I Go Again,1999
15,Eiffel 65,Blue (Da Ba Dee),1999
16,ATB,9PM (Till I Come),1999
17,Данко,Московская ночь,1999
18,Zoom,Words,1999
19,Cher,Strong Enough,1999
20,Lou Bega,Mambo No. 5 (A Little Bit Of..,1999
21,Jessica,How Will I Know Who You Are,1999
22,Линда,Я не могу,1999
23,Nek,Se Una Regola C'e' (Club Remix),1999
24,Roxette,Wish I Could Fly,1999
25,Emilia,Big Big World,1999
26,Cher,All Or Nothing,1999
27,Алсу,Иногда,1999
28,Ace of Base,Travel To Romantis,1999
29,N'Sync,You Drive Me Crazy,1999
30,Гости из будущего,Я с тобой,1999
31,Scooter,I Was Made For Lovin' You,1999
32,Tina Cousins,Killin' Time,1999
33,Touch & Go,Would You...?,1999
34,Britney Spears,Sometimes,1999
35,ИВАНУШКИ International,Снегири,1999
36,TLC,No Scrubs,1999
37,Shania Twain,That Don't Impress Me Much,1999
38,Boney M. vs. Sash!,Ma Baker (Original Edit) [1999],1999
39,Texas,Summer Son,1999
40,The Offspring,Why Don't You Get A Job,1999
1,Joe Cocker,My Father's Son,2000
2,Enrique Iglesias & Whitney Houston,Could I Have This Kiss Forever,2000
3,Валерия,Рига-Москва,2000
4,Shivaree,Goodnight Moon,2000
5,Sting feat Cheb Mami,Desert Rose,2000
6,DJ Mendez,Razor Tongue,2000
7,Оскар,Между мной и тобой,2000
8,Melanie C,I Turn To You,2000
9,N'SYNC,It's gonna be me,2000
10,Любэ,Солдат,2000
11,Bryan Adams,Inside Out,2000
12,Toni Braxton,Spanish Guitar,2000
13,Татьяна Буланова и DJ Цветкоff,Мой сон,2000
14,MOBY,Lift Me Up,2000
15,Земфира,Хочешь?,2000
16,Kind of Blue,Bitter Blue,2000
17,Elton John,Friends Never Say Goodbye,2000
18,Вячеслав Бутусов,Гибралтар/Лабрадор,2000
19,A-HA,Summer Moved On (Radio Edit),2000
20,Plazma,Take My Love,2000
21,Melanie C,Never Be The Same Again (Feat. Lisa 'Left Eye' Lopes),2000
22,Sonique,It feels so good,2000
23,Дискотека Авария и Блестящие,"Чао, Бамбина! (Дискотека Авария Ремикс)",2000
24,Backstreet boys,Show me the meaning of being in lonely,2000
25,Roxette,Salvation,2000
26,Гости из будущего,Ты где-то,2000
27,Modjo,Lady (Hear Me Tonight),2000
28,Алсу,Solo,2000
29,Танцы минус,Цветут цветы,2000
30,Bon Jovi,It's my life,2000
31,Lara Fabian,I Will Love Again,2000
32,Однажды,Гром,2000
33,The Bloodhound Gang,The Bad Touch,2000
34,Plazma,Jump In My Car,2000
35,Cher,Dov'e L'amore,2000
36,Eric Clapton,(I) Get Lost,2000
37,Дмитрий Маликов,Апрель,2000
38,Enrique Iglesias,Be With You,2000
39,Britney Spears,Oops!...I Did It Again,2000
40,Данко,Малыш,2000
1,Kylie Minogue,Can't Get You out of My Head,2001
2,Titiyo,Come Along,2001
3,Dido,Thank You,2001
4,John The Whistler,I'm In Love,2001
5,Кристина Орбакайте,Мой Мир,2001
6,Red Hot Chili Peppers,Road Trippin',2001
7,Jennifer Lopez,Ain't It Funny,2001
8,Robbie Williams,The Road To Mandalay  (пам-парам),2001
9,Вячеслав Бутусов и Ю-Питер,Звезда по имени Солнце,2001
10,LeAnn Rimes,Can't fight the moonlight,2001
11,Geri Halliwell,It's raining men,2001
12,Чай вдвоем,Ласковая моя,2001
13,Roxette,The Centre Of The Heart,2001
14,Travis,Sing,2001
15,Високосный год,Лучшая песня о любви,2001
16,Emma Bunton,What Took You So Long,2001
17,Валерия,Таю,2001
18,Eros Ramazzotti,Piu' Che Puoi (with Cher),2001
19,АлисА,Веретено,2001
20,D-Code,"The Colour Of Love
Radio Mix",2001
21,ATC,Thinking Of You,2001
22,Жасмин,Торопишься слишком,2001
23,Thomas N'Evergreen,Everytime (I see your smile),2001
24,Roxette,Milk and Toast and Honey,2001
25,Гости из будущего,Так отважно,2001
26,Eminem feat. Dido,Stan,2001
27,Atomic Kitten,Eternal Flame,2001
28,Маликов Дмитрий,Птицелов,2001
29,Gorillaz,"Clint Eastwood
Ed Case / Sweetie Irie Refix",2001
30,John The Whistler,Wild Wild Web,2001
31,Смысловые Галлюцинации,Звезды 3000,2001
32,Plazma,Fading like a rose,2001
33,Westlife,I Lay My Love On You (2000),2001
34,Чичерина,Блюдца,2001
35,Modern Talking,Win the Race,2001
36,Bosson,You're One In A Million,2001
37,Жасмин,Перепишу любовь,2001
38,Britney Spears,Don't Let Me Be the Last to Know,2001
39,Александр Маршал,Кто мы,2001
40,Kaci,Paradise,2001
1,Darren Hayes,Insatiable,2002
2,Вячеслав Петкун & Александр Голубев & Антон Макарский,Belle,2002
3,SHakira,Whenever wherever,2002
4,Би-2 и Юлия Чичерина,Мой рок-н-ролл,2002
5,Las Ketchup,The Ketchup Song (Asereje),2002
6,David Usher,Black Black Heart,2002
7,A-ha,Forever Not Yours,2002
8,♫ Hi-Fi-Средняя школа №7,А  мы любили,2002
9,Celine Dion,A New Day Has Come,2002
10,In-Grid,Tu Es Foutu,2002
11,David Charvet,Leap Of Faith,2002
12,Madonna,Die Another Day,2002
13,Depeche Mode,Freelove (Flood mix),2002
14,Roxette,Milk and Toast and Honey,2002
15,Kate Ryan,Désenchantée,2002
16,Sarah Connor,From Sarah With Love,2002
17,Plazma,You'll Never Meet an Angel,2002
18,♣Kylie Minogue,In your eyes,2002
19,Faithless,One Step Too Far (Feat. Dido) (Radio Edit),2002
20,ППК,Resurection,2002
21,Darren Hayes,Strange Relationship,2002
22,Benefit,Sex Sells,2002
23,Enrique Iglesias,Escape,2002
24,Bosson,I   Believe            (   2001  ),2002
25,Shakira,Underneath your clothes,2002
26,A-HA,Lifelines,2002
27,Смысловые Галлюцинации Зачем топтать мою любовь,Зачем топтать мою любовь,2002
28,Sophie Ellis Bextor,Get Over You,2002
29,Geri Halliwell,Calling,2002
30,Schiller,Dream of You,2002
31,Blue,Fly By II,2002
32,Дмитрий Маликов,Love story,2002
33,Земфира,Бесконечность,2002
34,Tiziano Ferro,Perdono,2002
35,ATB,You're not alone,2002
36,Bryan Adams,Here I am,2002
37,Reflex,Сойти С Ума,2002
38,Ian Van Dahl,Reason,2002
39,Lighthouse Family,Run,2002
40,The Planets,Rodrigo,2002
1,Craig David feat. Sting,Rise And Fall,2003
2,Blue feat. Elton John,Sorry Seems To Be The Hardest Word,2003
3,Sugababes,Stronger (Album Version),2003
4,Da Buzz,Wonder Where You Are..,2003
5,Tomas N'evergreen,Since you've been gone,2003
6,EARPHONES,Primetime-Sexcrime,2003
7,Robbie Williams,Feel,2003
8,Evanescence,Bring Me To Life,2003
9,Madonna,American Life,2003
10,Justin Timberlake,Cry Me a River,2003
11,Nelly,Dilemma (Featuring Kelly Rowland),2003
12,In-Grid,"In-Tango
In-Piano Edit",2003
13,Shania Twain,Ka-Ching!,2003
14,Катя Лель,Долетай,2003
15,Sarah Connor,Skin On Skin,2003
16,Верка Сердючка и ВИА Гра,Я не поняла,2003
17,Gareth Gates,(I've got No) Self Control,2003
18,P!nk,Family Portrait,2003
19,Pink,Family Portrait,2003
20,Дискотека Авария,Небо,2003
21,One-T And Cool-T,The Magic Key,2003
22,Jennifer Lopez,Jenny From the Block,2003
23,Чай Вдвоём,Желанная,2003
24,Madonna,Hollywood,2003
25,Triplex,OST Бригада,2003
26,Panjabi Mc,"Mundian To Bach Ke (OST ""Диктатор"" 2012)",2003
27,Глюк'Oza,Невеста,2003
28,The Rasmus,In The Shadows,2003
29,Юлия Савичева,Высоко,2003
30,Erika,I Don't Know,2003
31,Катя Лель,Мой мармеладный,2003
32,Валерия,Часики,2003
33,♬ Jewel,Intuition,2003
34,Smash,Молитва,2003
35,No Angels,Still In Love With You,2003
36,Dido,White flag,2003
37,A Studio,Show MeThe Way (radio edit),2003
38,Гости из будущего,"Почему ты, почему навсегда?",2003
39,Milton feat.Sky Sci-fire - I Can See It In Your Eyes,I Can See It In Your Eyes,2003
40,Bhangra Knights VS Husan,Husan (Radio Edit),2003
1,Maroon 5,This love,2004
2,Kristian Leontiou,Story Of My Life,2004
3,The Black Eyed Peas,Shut Up,2004
4,3 Doors Down,Here Without You,2004
5,Anastacia,Left Outside Alone,2004
6,Benassi Bros. feat Dhany,Hit My Heart,2004
7,Limp Bizkit,Behind Blue Eyes,2004
8,Kelis,Trick Me,2004
9,Вячеслав Бутусов и Ю-Питер,Девушка по городу,2004
10,Sting,Stolen Car (Take Me Dancing),2004
11,Mario Winans feat. Enya and P.Diddy,I Don't Wanna Know,2004
12,Smash,Obsession,2004
13,Evanescence,My Immortal,2004
14,Enrique Iglesias Feat. Kelis,I'm Not In Love,2004
15,Eamon,Fuck It (I Don't Want You Back),2004
16,Kylie Minogue,Red Blooded Woman,2004
17,Tarkan,Dudu,2004
18,Юлия Савичева,Believe me,2004
19,ROYAL GIGOLOS,California Dreamin',2004
20,Sarah Connor feat. Natural,"Just One Last Dance
Radio Version",2004
21,Иракли,Лондон-Париж,2004
22,Narcotic Thrust,I Like It,2004
23,Calogero and Passi,Face a la mer,2004
24,Britney Spears,Toxic,2004
25,BWO,Living in a fantasy,2004
26,DJ Groove,Служебный роман,2004
27,O-Zone,Dragostea Din Tei,2004
28,Da Buzz,Dangerous,2004
29,Hi-Fi,Седьмой лепесток,2004
30,The Black eyed peas,Let's get it started,2004
31,Корни,С Днём Рождения Вика,2004
32,Darren Hayes,Pop!ular,2004
33,Anastacia,Sick And Tired,2004
34,Чай Вдвоём,День рожденья,2004
35,Aventura,Obsession,2004
36,Danzel,Pump It Up!,2004
37,Keane,Somewhere Only We Know,2004
38,EARPHONES,Short Happy Life,2004
39,Kate Ryan,La Promesse,2004
40,Benassi Bros feat Sandy -,Illusion,2004
1,J-Five,Find a way,2005
2,Shakira & Alexandro Sanz,La Tortura,2005
3,Jam & Spoon,Set Me Free (feat. Rea),2005
4,Linkin Park feat. Jay-Z,Numb/Encore,2005
5,Rob Thomas,Lonely No More,2005
6,Duran Duran,What  happens tomorrow,2005
7,Timo Maas Feat Brian Molko,First Day,2005
8,David Guetta,The World Is Mine (feat. JD Davis),2005
9,Lemar,If There's Any Justice,2005
10,The Black Eyed Peas,Don't Phunk With My Heart,2005
11,The Chemical Brothers,Galvanize,2005
12,2 Play,It Can't Be Right,2005
13,Братья Грим,Ресницы,2005
14,Daniel Powter,Bad day,2005
15,Madonna,Hung up,2005
16,Amel Bent,Ma philosophie,2005
17,James Blunt,You're Beautiful,2005
18,Global Deejays,The Sound Of San Francisco,2005
19,K-maro,Crazy,2005
20,Backstreet Boys,Incomplete,2005
21,Akon,Lonely,2005
22,Gwen Stefani,Cool.,2005
23,Gorillaz,Feel Good Inc,2005
24,Юлия Савичева,Если В Сердце Живет Любовь,2005
25,The UD Project,Remember,2005
26,Benassi Bros Feat Dhany,You Make Me Feel,2005
27,Jamelia,Dj,2005
28,Uniting Nations,Out of Touch (Full Vocal Radio Edit),2005
29,50 Cent,Disco Inferno,2005
30,Дима Билан,Ты должна рядом быть,2005
31,Mylène Farmer,Fuck Them All,2005
32,Kristian Leontiou,Some Say,2005
33,Daddy Yankee,Gasolina,2005
34,K-Maro,Sous L'oeil De L'ange,2005
35,N-Trance,I'm In Heaven,2005
36,Helena Paparizou,My Number One,2005
37,Jem,They,2005
38,Jennifer Lopez,Get Right,2005
39,Anastacia,Everything Burns,2005
40,In-Grid,Mama Mia,2005
41,А-Студио,Улетаю...,2005
42,Nelly Featuring Tim McGraw,Over And Over,2005
43,Mariah Carey,We Belong Together,2005
44,Земфира,Прогулка,2005
45,Gwen Stefani,What You Waiting For,2005
46,3 Of A Kind,Baby Cakes,2005
47,MOBY,Lift Me Up,2005
48,Дискотека Авария,Если хочешь остаться,2005
49,Benassi Bros Feat. Dhany,Every Single Day,2005
50,Blue,Curtain Falls,2005
51,Paul Cless feat. Brixx,Suavemente,2005
52,September,Satellites,2005
53,X-Mode,Animals,2005
54,Velvet,Rock down to (Electric Avenue),2005
55,Giorgos Mazonakis,Nikotini,2005
56,sean paul,we be burnin',2005
57,Squeeze Up feat  Teishan and Rod Fame,La Isla Bonita,2005
58,Depeche Mode!,Precious,2005
59,Juanes,La camisa negra,2005
60,Eric Prydz,call on me,2005
61,Brian McFadden,Real To Me,2005
62,Benny Benassi & The Biz,Stop-Go,2005
63,The Pussycat Dolls,Don't Cha (feat Busta Rhymes),2005
64,Сергей Лазарев,Lost Without Your Love,2005
65,Britney Spears,And Then We Kiss,2005
66,Brandy,Afrodisiac,2005
67,Papi Sanchez,Enamorame,2005
68,Mattafix,Big City Life,2005
69,Willy Denzey,Et Si Tu N’Existais Pas,2005
70,Global Deejays,What a feeling,2005
71,Green Day,Boulevard of broken dreams,2005
72,Лера Массква,Седьмой Этаж,2005
73,K-Maro,Femme like you,2005
74,Тату,All About Us (Album Version),2005
75,Crazy Frog,Alex F,2005
76,Audio Bullys,Shot you down (feat. Nancy Sinatra),2005
77,Destiny`s child,Lose my breathe,2005
78,3rd Wish,Obsesion (Si Es Amor),2005
79,Akon,Belly Dancer (Bananza),2005
80,Lââm,Petite Soeur,2005
81,Arash,Tike Tike Kardi,2005
82,Корни,25-й этаж,2005
83,A-ha,Celice,2005
84,"Bob Sinclar feat. Gary ""Nesta"" Pine",Love Generation (Radio Edit),2005
85,The Servant,Orchestra,2005
86,УмаТурман,Ты далеко,2005
87,Infernal,From Paris to Berlin,2005
88,SMASH,THE DREAM,2005
89,Дмитрий Маликов,С чистого листа,2005
90,Beverley Knight,Keep This Fire Burning,2005
91,Starsailor,Four To The Floor,2005
92,Robbie Williams,Tripping,2005
93,Валерия и Стас Пьеха,Ты грустишь,2005
94,Danzel,Put Your Hands Up In The Air,2005
95,DJ Groove,Берегись автомобиля,2005
96,Plazma,One Life,2005
97,The Black Eyed Peas,Don't Lie,2005
98,Craig David,Don't Love You No More (I'm Sorry),2005
99,Deep Dish,Say Hello (Radio edit),2005
100,Good Charlotte,I Just Wanna Live,2005
1,Mylène Farmer,L`amour N`est Rien,2006
2,Madonna,Sorry,2006
3,Reamonn,Tonight,2006
4,Fort Minor,Where do you go,2006
5,Kelly Clarkson,Because Of You,2006
6,Bob Sinclar feat. Steve Edwards,World Hold On (Children Of The Sky),2006
7,Дима Билан,Never Let You Go,2006
8,Tom Novy And Lima,Take It (Closing Time),2006
9,Shakira Feat. Wyclef Jean,Hips Don't Lie,2006
10,Rihanna,Unfaithful,2006
11,Flipsyde feat Piper,Happy Birthday,2006
12,Juanes,A Dios le pido,2006
13,The Black Eyed Peas,"My Humps
Single Version",2006
14,Непара,Плачь и смотри,2006
15,The Pussycat Dolls Featuring Snoop Dogg,Buttons,2006
16,Город 312,Останусь..,2006
17,Karmah,Just Be Good To Me,2006
18,David Guetta,In Love With Myself,2006
19,Банд'Эрос,Коламбия Пикчерз,2006
20,Mattafix,Big City Life,2006
21,ВИА Гра,"Л.М.Л (лучик мой, любимый)",2006
22,Akcent,Kylie,2006
23,Sean Paul Feat. Keyshia Cole,(When You Gonna) Give It Up To Me,2006
24,Hi_Tack,Say Say Say,2006
25,А-Студио,Еще люблю,2006
26,Akon feat. Eminem,Smack That,2006
27,Anggun,Saviour,2006
28,Plazma,Black Would Be White,2006
29,Mustafa Sandal,All My Life,2006
30,Сергей Лазерев,Just because you walk away,2006
31,Pink,Stupid Girls,2006
32,Юлия Савичева,Как Твои Дела?,2006
33,Chris Brown  feat. Juelz Santana,Run It!,2006
34,Najoua Belyzel,Gabriel (Radio Edit),2006
35,Gnarls Barkley,You make me crazy,2006
36,Алена Высотская,Вижу тебя,2006
37,Амега,Убегаю,2006
38,The Bloodhound Gang,Uhn Tiss Uhn Tiss Uhn Tiss,2006
39,Тату,Friend or Foe,2006
40,Allegro,Someone Else,2006
41,Mika,Relax (Take it easy),2006
42,Лера Массква,Лови,2006
43,Supermode,Tell Me Why,2006
44,Arash feat Aneela,Chori Chori,2006
45,Виктория Дайнеко,Я просто сразу от тебя уйду,2006
46,Rasmus,Sail away,2006
47,Максим,Отпускаю,2006
48,Cascada,Everytime We Touch,2006
49,Beyonce Feat.Slim Thug,Check On It,2006
50,Pakito,Living on video,2006
51,Shakira,Don't Bother,2006
52,Morandi,Falling Asleep,2006
53,The Pussycat Dolls,Stickwitu,2006
54,Игра Слов,Алина Кабаева,2006
55,Velvet,Mi Amore,2006
56,Mustafa Sandal,Story,2006
57,Madonna,Jump,2006
58,Bob Sinclar and Cutee B,Rock This Party (Everybody Dance Now),2006
59,Дима Билан,Невозможное возможно,2006
60,Fergie,London bridge,2006
61,Beatfreakz,Somebody's Watching Me,2006
62,Akcent,Jokero,2006
63,Moby,Slipping Away,2006
64,Валерия,Нежность моя,2006
65,Justin Timberlake,Sexyback,2006
66,Чили,Лето,2006
67,Rihanna,SOS,2006
68,Take That,Patience,2006
69,Максим,Нежность,2006
70,Sean Paul,Ever Blazin',2006
71,Звери,До Скорой Встречи!,2006
72,Gorillaz,Dare,2006
73,All Saints,Rock Steady,2006
74,Sergio Mendes feat. The Black Eyed Peas,Mas Que Nada,2006
75,Иракли,"""Я с тобой"".",2006
76,P!nk,Who Knew,2006
77,Nelly Furtado feat Juanes,Te busque,2006
78,Виа Гра,Цветок и нож,2006
79,Green Day,Wake Me Up When September Ends,2006
80,Meck Feat. Leo Sayer,Thunder In My Heart Again,2006
81,Fort Minor,Believe Me,2006
82,Олег Чубыкин,Не случайно,2006
83,Supafly Inc.,Moving Too Fast,2006
84,Токио,Кто я без тебя,2006
85,Lily Allen,Smile,2006
86,Robbie Williams,Rudebox,2006
87,Серега,Возле дома твоего,2006
88,Sara Jorge,Beautiful World,2006
89,Bobina feat. Elles de Graaf,Lighthouse (Radio Mix),2006
90,Filterfunk,Message in a bottle (SOS),2006
91,Ирина Дубцова,Медали,2006
92,El Presidente,Turn this thing around,2006
93,Tokio Hotel,Rette mich,2006
94,Сацура,Знаешь,2006
95,Beatriz Luengo,Hit lerele,2006
96,Корни,"Хочешь, я тебе спою",2006
97,Scissor Sisters,I Don't Feel Like Dancin',2006
98,Елка,Девочка - студентка,2006
99,Martin Solveig,Everybody,2006
100,Lorraine,I Feel It,2006
1,Rihanna,Umbrella (feat. Jay-Z),2007
2,Justin Timberlake,What Goes Around Comes Around,2007
3,Nelly Furtado,Say It Right,2007
4,Mika,Relax (Take it easy),2007
5,Sunrise Avenue,Fairytale Gone Bad,2007
6,Gwen Stefany,4 In The Morning,2007
7,Timbaland,Give It to Me (feat. Nelly Furtado And Justin Timberlake),2007
8,Christina Aguilera,Hurt,2007
9,Максим,Знаешь ли ты,2007
10,"David Guetta, Chris Willis",Love Is Gone,2007
11,Future Of Vision,Here Comes The Rain Again,2007
12,Nickelback,If Everyone Cared,2007
13,Дима Билан,Number One Fan,2007
14,K-Maro,Let's Go,2007
15,Beyonce,Irreplaceable,2007
16,Виа Гра,поцелуи,2007
17,Timbaland feat. OneRepublic,Apologize,2007
18,50 Cent Feat. Justin Timberlake & Timbaland,Ayo Technology,2007
19,Britney Spears,Gimme more,2007
20,Банд'Эрос,Про Красивую Жизнь,2007
21,Maroon 5,Wake Up Call,2007
22,Sharam,PATT(party all the time) (radio edit),2007
23,Yves Larock,Rise Up,2007
24,Timbaland feat. Keri Hilson,I Like You Just The Way You Are,2007
25,David Vendetta Ft Akram,Unidos Para La Musica,2007
26,Fergie,Big Girls Don't Cry,2007
27,Serebro,Song #1,2007
28,Naturally 7,Feel It (In The Air Tonight),2007
29,Backstreet Boys,Inconsolable,2007
30,Beyonce and Shakira,Beautiful Liar,2007
31,Erick-E,The Beat Is Rockin` (Radio Edit),2007
32,Enrique Iglesias,Do You Know (The Ping Pong Song),2007
33,Bob Sinclair feat. Steve Edwards,"World, Hold On",2007
34,Justin Timberlake,My Love,2007
35,Елена Терлеева,Забери солнце с собою,2007
36,Pakito,Moving on stereo,2007
37,Pink,U + Ur Hand,2007
38,Eric Prydz vs Pink Floyd,Proper Education (Radio Edit),2007
39,Дмитрий Колдун,Work Your Magic,2007
40,David Guetta,In Love With Myself,2007
41,Юлия Савичева,Никак,2007
42,Linkin Park,What I've Done,2007
43,Beyonce,Green Light (DFM Remix),2007
44,Alex Gaudino,Destination Calabria,2007
45,Ciara,Like A Boy (Radio Edit),2007
46,Потап и Настя Каменская,Не пара,2007
47,SHAKIRA,Las De La Intuicion (RMX),2007
48,Sophie ellis bextor,Catch you,2007
49,Bob Sinclar,Sound Of Freedom,2007
50,Gwen Stefani feat. Akon,The Sweet Escape,2007
51,Jennifer Lopez,Que Hiciste,2007
52,Токио,Когда ты плачешь,2007
53,Gym Class Heroes,Cupid's Chokehold,2007
54,Roger Sanchez Feat. Lisa Pure,Lost,2007
55,Cascada,Miracle,2007
56,Виктория Дайнеко,Фильм не о любви,2007
57,David Tavare Feat. 2 Eivissa,Hot Summer Night (Radio Mix),2007
58,Fergie and Ludacris,Glamorous,2007
59,Akon,Don't Matter,2007
60,Винтаж,Всего Хорошего,2007
61,Sophie Ellis-Bextor,Me And My Imagination (Radio Edit),2007
62,Сергей Лазарев,Shattered Dreams,2007
63,Serebro,Дыши,2007
64,David Kane,Club Sound (radio edit),2007
65,Global Deejays,Зеленоглазое такси,2007
66,"Bob Sinclar feat. Gary ""Nesta"" Pine",Love Generation (Radio Edit),2007
67,Gwen Stefani,Wind it Up,2007
68,Город 312,213 дорог,2007
69,DANZEL,You Spin Me Right Round,2007
70,Rihanna,Don't Stop the Music,2007
71,Hi-Fi,По следам,2007
72,Ida Corr Vs Fedde Le Grand,Let Me Think About It,2007
73,А-Студио,Еще люблю,2007
74,Nicole Scherzinger ft. T.I.,Whatever You Like,2007
75,Lexter,Freedom To Love,2007
76,Гости из будущего,Самый любимый враг,2007
77,Лера Массква,Разные,2007
78,А-Студио,Ангел,2007
79,Dada ft. Sandy Rivera,Lollipop,2007
80,Avril Lavigne,Girlfriend,2007
81,Tom Snare,My Homeworld,2007
82,Robbie Williams,She's Madonna,2007
83,Токио,Ты хочешь,2007
84,No-Tone feat. Inusa,Life Is Love (Radio Edit),2007
85,Akcent,King Of Disco,2007
86,Jojo,Too Little To Late,2007
87,Влад Соколовский,Ближе,2007
88,James Blunt,1973,2007
89,The Pussycat Dolls,Wait A Minute (feat Tim Boland),2007
90,Bob Sinclar (Cutee B Feat. Dollarman Big Ali),Rock This Party Everybody Dance Now,2007
91,Fall Out Boy,"This Ain't A Scene, It's An Arms Race",2007
92,Eve Feat. Sean Paul,Give It To You,2007
93,Винтаж,О мама мия,2007
94,David Tavare,Summer Love,2007
95,KOXIE,Garcon,2007
96,Город 312,"Девочка, которая хотела счастья...",2007
97,Star Tattooed Feat. Ava,Make Me High,2007
98,Корни,Ей Везёт!,2007
99,Santana Feat Chad Kroeger,Into The Night,2007
100,Martin Solveig,"Rejection
Radio Edit",2007
1,Morandi,"Angels (Love Is The Answer)
Album Version",2008
2,Jay Sean,Ride It,2008
3,Timbaland feat. OneRepublic,Apologize,2008
4,Paul Van Dyk feat. Rea Garvey,Let Go,2008
5,Enrique Iglesias,Tired Of Being Sorry,2008
6,Банд'Эрос,Манхеттен,2008
7,Jennifer Lopez,Brave,2008
8,Madcon,Beggin,2008
9,Т9,Ода,2008
10,Danny Feat. Therese,If Only You,2008
11,Madonna Feat. Justin Timberlake And Timbaland,4 Minutes,2008
12,DJ Smash,Moscow Never Sleeps (Rаdio Edit),2008
13,Sheryfa Luna,Il Avait Les Mots,2008
14,DJ Леонид Руденко,Destination,2008
15,Aly and AJ,Potential break up song,2008
16,Ian Carey feat Michelle Sheller,Keep on rising,2008
17,Katy Perry,I Kissed A Girl,2008
18,Kelly Rowland,Work,2008
19,Sugababes,Denial,2008
20,Винтаж и Елена Корикова,Плохая девочка,2008
21,Kylie Minogue,In My Arms,2008
22,Потап и Настя Каменских,Почему молчишь!?,2008
23,Tristan Garner Feat. Akil,Give Love (Arias Remix Radio Edit),2008
24,Britney Spears,Piece of me,2008
25,Alex Gaudino,Watch Out (Radio Edit),2008
26,Сергей Лазарев,Girlfriend,2008
27,Ysa Ferrer,Made in Japan,2008
28,Alex C. feat. Y-Ass,Du hast den schönsten Arsch der Welt (Single Version),2008
29,Таня Терешина,Обломки чувств,2008
30,R.I.O.,"Shine on
Soft House Radio Mix",2008
31,Инфинити,Где тьі,2008
32,Guru Josh Project,"Infinity 2008
Klaas Vocal Edit",2008
33,Дима Билан,Believe me,2008
34,Cherish,Killa (feat. Yung Joc),2008
35,PLAZMA,Living In The Past,2008
36,Rihanna,Disturbia,2008
37,Макsим,Научусь Летать,2008
38,Beats And Styles feat. Papa Dee,Take It Back,2008
39,Arash feat. Shaggy,Donya,2008
40,Ne-Yo,Closer,2008
1,Lady Gaga,Bad Romance,2009
2,Armin Van Buuren Feat. Sharon Den Adel,In And Out Of Love,2009
3,Edward Maya Feat. Vika Jigulina,Stereo Love,2009
4,Arash feat. Helena,"Pure Love
feat. Helena",2009
5,Akcent,On and On (Stay With Me),2009
6,Рома Кенга,Summer Night City (ABBA cover),2009
7,Inna,Hot (radio edit),2009
8,Serge Devant,Addicted to Love (Radio Edit),2009
9,Freemasons feat Sophie Ellis Bextor,Heartbreak (Make Me A Dancer),2009
10,Denis The Menace,Show Me A Reason,2009
11,Винтаж,Ева,2009
12,Lady Gaga,Paparazzi,2009
13,Katy Perry,Hot N Cold,2009
14,Pitbull,I Know You Want Me (Calle Ocho),2009
15,5sta Family,Я буду [Family Edit],2009
16,Marius & Giulia,Rain (Radio Edit),2009
17,AR Rahman & The Pussycat Dolls feat. Nicole Scherzinger,Jai Ho You Are My Destiny,2009
18,Enrique Iglesias,Lost Inside Your Love,2009
19,Баста и Город 312,Обернись,2009
20,Grégoire,Rue Des Etoiles,2009
21,Ian Carey,Redlight,2009
22,Paul van Dyk,"For An Angel
PvD E-Werk Club Mix",2009
23,Градусы,Режиссёр,2009
24,K-Maro,Good old days,2009
25,Oceana,Cry Cry,2009
26,Серей Лазарев,Stereo,2009
27,Sunlounger Feat. Zara,Lost,2009
28,Максим,не отдам,2009
29,DJ Layla feat. Alissa,Single Lady (Radio Edit),2009
30,Dj Леонид Руденко,Real life,2009
31,Timati feat. Mario Winans,Forever,2009
32,Morandi,Colors,2009
33,Nickelback,If Today Was Your Last Day,2009
34,Serebro,"Скажи, не молчи",2009
35,Alexander Rybak,Fairytale,2009
36,Jay Sean,Tonight,2009
37,Lady Gaga,Poker face,2009
38,Anastacia,Defeated,2009
39,Beyoncé,Sweet Dreams,2009
40,IKA,Ты держи меня за руку,2009
1,Eminem Feat. Rihanna,Love The Way You Lie,2010
2,Hurts,Wonderful life,2010
3,Lady Gaga,Alejandro,2010
4,Dan Balan,Chica Bomb,2010
5,Stromae,Alors On Danse,2010
6,Градусы,Кто ты?,2010
7,Adam Lambert,Whatayа want from me?,2010
8,Jasper Forks,River flows in you (Radio vocal mix),2010
9,Kesha,Tik-tok,2010
10,NYUSHA / Нюша,Выбирать чудо,2010
11,Леонид Руденко feat. MF,Goodbye (Beautiful Eyes),2010
12,DJ Layla feat Dee-Dee,City Of Sleeping Hearts,2010
13,Jay-Z ft. Alicia Keys,Empire State Of Mind,2010
14,Serge Devant feat. Emma Hewitt,Take me with you,2010
15,Junior Caldera feat. Sophie Ellis Bextor,Can`t Fight This Feeling (Radio Edit),2010
16,Antoine Clamaran Feat. Soraya,Live Your Dreams,2010
17,Rihanna,Te Amo,2010
18,Taio Cruz,Break Your Heart,2010
19,Vivien O'Hara ft. Akcent,Too Late To Cry,2010
20,PLAZMA,Mystery (The Power Within),2010
21,Velile and Safri Duo,Helele,2010
22,Keri Hilson,I Like,2010
23,T-killah feat. Настя Кочеткова,Над Землей,2010
24,Cheryl Cole,Parachute,2010
25,B.o.B feat. Hayley Williams,Airplanes (feat. Hayley Williams),2010
26,Inna,Sun is Up,2010
27,Дима Билан и Анастейша,Safety,2010
28,3oh3 Feat. Kesha,My First Kiss,2010
29,Kato feat.Jon,Turn the light off,2010
30,Enrique Iglesias feat. Pitbull,I Like It,2010
31,Lady Gaga ft. Beyonce,Telephone,2010
32,Ne-yo,Beautiful monster,2010
33,Митя Фомин,Все Будет Хорошо,2010
34,Plumb,Hang on,2010
35,Radio Killer,Voila (Radio Edit),2010
36,Timofey feat. Bartosz Brenes vs Terri B,Heaven,2010
37,Duck Sauce,Barbra Streisand,2010
38,Yolanda Be Cool Vs. Dcup,We No Speak Americano,2010
39,Ph Electro,Englishman In New York (Radio Edit),2010
1,"LMFAO feat. Lauren Bennett, GoonRock",Party Rock Anthem,2011
2,Maroon 5 feat. Christina Aguilera,Moves Like Jagger,2011
3,Snoop Dogg Vs David Guetta,Sweat (David Guetta Remix),2011
4,Dev,Dancing in the dark,2011
5,"группа ""Градусы""",Голая,2011
6,Sak Noel,"Loca People
Radio Edit",2011
7,Ёлка,Прованс,2011
8,T.I.,Castle Walls Feat. Christina Aguilera,2011
9,Hurts,Stay,2011
10,Far East Movement Feat. The Cataracs And Dev,Like A G6,2011
11,Black Eyed Peas,The Time (Dirty Bit),2011
12,Selena Gomez & The Scene,Love You Like A Love Song,2011
13,Duck Sauce,Barbra Streisand,2011
14,PH Electro,Every Breath You Take (Radio Edit),2011
15,Rihanna,S & M,2011
16,Tinie Tempah feat. Eric Turner,Written In The Stars,2011
17,Nelly,Just A Dream,2011
18,Макс Барских,Lost In Love (Radio edit),2011
19,Bruno Mars,Grenade,2011
20,Jennifer Lopez feat. Pitbull,"On The Floor
Radio Edit",2011
21,Enrique Iglesias feat. Ludacris,Tonight (I'm F**kin' You),2011
22,Arash and Helena,Broken Angel,2011
23,Нюша,Больно,2011
24,Don Omar feat. Lucenzo,"Danza Kuduro
Album Version",2011
25,Alexandra Stan,Mr. Saxobeat,2011
26,"Pitbull feat. Ne-Yo, Afrojack & Nayer",Give Me Everything,2011
27,Сергей Лазарев,Heartbeat,2011
28,Rihanna feat. David Guetta,Who's That Chick,2011
29,Britney Spears,Till The World Ends,2011
30,Morandi,Midnight Train,2011
31,Lady Gaga,The Edge Of Glory (Radio Edit),2011
32,"DJ Antoine, Timati feat. Kalenna","Welcome to St. Tropez
DJ Antoine vs Mad Mark Radio Edit",2011
33,Dan Balan,Freedom,2011
34,Потап и Настя Каменских,Чумачечая Весна,2011
35,Rihanna feat. Calvin Harris,We Found Love,2011
36,Дима Билан,Я Просто Люблю Тебя,2011
37,Pink,Fuckin Perfect,2011
38,Jessie J ft. B.o.B,Price Tag,2011
39,Inna,Sun is Up,2011
40,T-killah и ЛОЯ,ВЕРНИСЬ,2011
1,Avicii,"Levels
Radio Edit",2012
2,PSY,GANGNAM STYLE,2012
3,Madonna,Masterpiece,2012
4,Gotye feat. Kimbra,Somebody That I Used To Know,2012
5,Nickelback,When We Stand Together,2012
6,Loreen,Euphoria,2012
7,Aura Dione  feat. Rock Mafia,Friends,2012
8,Michel telo,Ai Se Eu Te Pego,2012
9,Carly Rae Jepsen,Call Me Maybe,2012
10,Dj Smash feat. Винтаж,Москва,2012
11,LMFAO,I am Sexy and I Know it,2012
12,David Guetta,Titanium (feat. Sia),2012
13,Natalia Kills feat. Junior Caldera & Far East Movement,Lights Out (Go Crazy),2012
14,5sta Family,Вместе мы,2012
15,Professor Green Feat. Emeli Sande,Read All About It,2012
16,Flo Rida,Whistle,2012
17,Far East Movement feat. Red Foo & Justin Bieber,Live My Life,2012
18,Ёлка,Около тебя,2012
19,Kelly Clarkson,What Doesn't Kill You Makes You Stronger,2012
20,Pitbull,International Love  (feat. Chris Brown),2012
21,Marina And The Diamonds,Primadonna,2012
22,Нюша,Воспоминание,2012
23,Basto,Again And Again,2012
24,Fly Project,La musica (Radio Edit),2012
25,T-KILLAH и Виктория Дайнеко,MIRROR MIRROR,2012
26,Playmen Feat Demy,Fallin,2012
27,Linkin Park,Burn It Down,2012
28,Elvira T,Всё Pешено,2012
29,The Wanted,Chasing The Sun,2012
30,Example,Changed The Way You Kiss Me,2012
31,Marlon Roudette,Anti Hero (Brave New World),2012
32,Ева Польна,Я тебя тоже нет (Je T'aime),2012
33,The Script feat Will.I.Am,Hall Of Fame,2012
34,DJ Fresh feat. RITA ORA,"Hot Right Now
Radio Edit",2012
35,Иван Дорн,Стыцамэн,2012
36,Michael Mind Project feat. Bobby Anthony ft. Rozette,Rio De Janeiro,2012
37,Loverush UK! feat. Bryan Adams,Tonight In Babylon,2012
38,"Сергей Лазарев feat. Timati, DJ M.E.G.",Moscow to California,2012
39,TON!C feat. Erick Gold,Lead the Way,2012
40,Градусы,Заметает,2012
1,"Daft Punk feat. Pharrell Williams, Nile Rodgers","Get Lucky
Radio Edit",2013
2,Rihanna,"Diamonds
Album Version",2013
3,Pink feat. Nate Ruess,Just Give Me A Reason,2013
4,Mind Vortex,Alive (Radio Edit),2013
5,Mia Martina,Tu Me Manques,2013
6,Nelly Furtado,Waiting For The Night,2013
7,Alex Hepburn,Under,2013
8,Loreen,My Heart Is Refusing Me,2013
9,Пицца,Оружие,2013
10,Calvin Harris feat. Tinie Tempah,Drinking From The Bottle,2013
11,Macklemore and Ryan Lewis feat. Wanz,Thrift Shop,2013
12,Basto,I Rave You,2013
13,Movetown,Here Comes the Sun,2013
14,Capital Cities,Safe And Sound,2013
15,Lykke Li,I Follow Rivers,2013
16,Franky,Hysteria,2013
17,Taylor Swift,I Knew You Were Trouble.,2013
18,Naughty Boy feat. Sam Smith,La La La,2013
19,Stromae,Papaoutai  (Radio Edit),2013
20,Scooter,4 A.M.,2013
21,Dan Balan feat. Tany Vander and Brasco,Lendo Calendo,2013
22,John Newman,Love Me Again,2013
23,Lana Del Rey,Young And Beautiful,2013
24,Duke Dumont feat. A*M*E,Need U (100%),2013
25,Ellie Goulding,Burn,2013
26,Wake Me Up,Avicii,2013
27,Ivan Gough and Feenixpawl feat. Georgi Kay,In My Mind (Axwell Mix),2013
28,Градусы,Я Всегда Помню О Главном,2013
29,Fergie Feat. Q-Tip and GoonRock,A Little Party Never Killed Nobody (All We Got),2013
30,Ola,Jackie Kennedy,2013
31,Lady Gaga,Applause,2013
32,Samantha Jade,Firestarter,2013
33,John De Sohn ft Kristin Amparo,Dance Our Tears Away,2013
34,will.i.am feat. Britney Spears,Scream & Shout,2013
35,David Guetta feat. Sia,She Wolf (Falling To Pieces),2013
36,Katy Perry,Roar,2013
37,The Wanted,Walks Like Rihanna,2013
38,Miley Cyrus,We Can't Stop,2013
39,Robin Thicke feat. T.I. and Pharrell,Blurred lines,2013
40,Justin Timberlake,Mirrors,2013
1,Pharrell Williams,Happy,2014
2,Imany,You Will Never Know,2014
3,Kiesza,Hideaway,2014
4,Swanky Tunes feat. Raign,Fix Me,2014
5,Sia,Chandelier,2014
6,Dj Slavik and Slider & Magnit feat. Radio Killer,Sunwaves,2014
7,Mr. Probz,Waves,2014
8,Polina,Fade To Love,2014
9,Eminem feat. Rihanna,The Monster,2014
10,Бурито feat  Ёлка,ты знаешь,2014
11,"Faul & Wad Ad, Pnau","Changes
Radio Mix",2014
12,Glenn Morrison feat. Islove,Goodbye,2014
13,Lilly Wood & The Prick and Robin Schulz,Prayer In C (Robin Schulz remix),2014
14,Нюша,Только,2014
15,Nico & Vinz,Am I Wrong,2014
16,"OneRepublic, Alesso","If I Lose Myself
Alesso vs OneRepublic",2014
17,"DVBBS, Borgeous feat. Tinie Tempah","Tsunami (Jump) [feat. Tinie Tempah]
Radio Edit",2014
18,Shakira feat. Rihanna,Can't Remember To Forget You,2014
19,Tasha G,Something's Wrong,2014
20,Yellow Claw,Shotgun (feat. Rochelle),2014
21,Банд'эрос,Дай Пять,2014
22,John De Sohn,Wild Roses,2014
23,Enrique Iglesias feat. Sean Paul and Gente De Zona & Descemer Bueno,Bailando,2014
24,Сергей Лазарев,7 Wonders,2014
25,Dj Tiesto,Red Lights ( Radio Edit ),2014
26,Martin Garrix,Animals (Radio Edit),2014
27,Paper Man,Lazen Dango,2014
28,Tokio Hotel,Love Who Loves You Back,2014
29,Sigma,Changing (feat. Paloma Faith),2014
30,Zhu,Faded,2014
31,"Calvin Harris, Alesso feat. Hurts",Under Control,2014
32,5sta Family & DJ Pankratov,Моя Мелодия,2014
33,David Guetta feat. Sam Martin,Dangerous,2014
34,Rhythm on the Radio,Tous les mêmes,2014
35,Юлия Паршута,Cut Me Open,2014
36,Sam Smith,Money On My Mind,2014
37,John Martin,Anywhere For You,2014
38,Imagine Dragons,Demons,2014
39,Винтаж,Когда Рядом Ты,2014
40,Arash feat. Helena,One day,2014
1,"Major Lazer feat. DJ Snake, MØ",Lean On,2015
2,Hozier,Take Me To Church,2015
3,Kadebostany,Castle in the snow (Bentley Grey Remix),2015
4,Imany,"The Good The Bad & The Crazy (Filatov & Karas Remix)
Filatov & Karas Remix",2015
5,Бурито,Мама,2015
6,Ellen Gold,Love Me Like You Do,2015
7,Gorgon City feat. Katy Menditta,Imagination,2015
8,Charli XCX,Boom Clap,2015
9,Sam Smith,I'm Not the Only One,2015
10,Lost Frequencies,Are You with Me,2015
11,Felix Jaehn feat. Jasmine Thompson,Ain't Nobody (Loves Me Better),2015
12,Feder feat. Lyse,"Goodbye
Radio Edit",2015
13,Robin Schulz feat. Jasmine Thompson,"Sun Goes Down (feat. Jasmine Thompson)
Radio Mix",2015
14,Royksopp,Here She Comes Again,2015
15,Nabiha,Animals,2015
16,Nyusha,Цунами,2015
17,Coldplay,A Sky Full Of Stars,2015
18,"Ariana Grande, The Weeknd",Love Me Harder,2015
19,Avicii,The Nights,2015
20,Базиль,"Ай-яй-я (сериал «ЧОП»/2015, сериал «Физрук»/2015)",2015
21,"Calvin Harris, Disciples",How Deep Is Your Love,2015
22,Fat Cat Cinema,Nothing At All,2015
23,Smash feat. Ridley,The Night Is Young (feat. Ridley),2015
24,AronChupa,I'm an Albatraoz,2015
25,"Kygo, Parson James",Stole the Show,2015
26,"The Avener, Phoebe Killdeer","Fade Out Lines
Radio Edit",2015
27,Bakermat,"Teach Me
Radio Edit",2015
28,Юлианна Караулова,Ты не такой,2015
29,Fifth Harmony feat. Kid Ink,Worth It,2015
30,Adam Lambert,Ghost Town,2015
31,Dimitri Vegas & Like Mike feat. Ne-Yo,Higher Place (Radio Edit),2015
32,"Deorro, Chris Brown","Five More Hours
Deorro x Chris Brown",2015
33,Swanky Tunes feat. Christian Burns,Skin & Bones (Radio Edit),2015
34,Kwabs,Walk,2015
35,Егор Крид,Самая Самая,2015
36,"Parra For Cuva, Anna Naklab",Wicked Games,2015
37,Maroon 5,This Summer's Gonna Hurt Like a Motherfucker,2015
38,Wiz Khalifa feat. Charlie Puth,See You Again (feat. Charlie Puth),2015
39,Hardwell feat. Chris Jones,Young Again,2015
40,The Weeknd,Can't Feel My Face,2015
1,Eva Simons,Bludfire,2016
2,Sia,Unstoppable,2016
3,Adele,Hello,2016
4,The Weeknd,The Hills,2016
5,Елена Темникова,Импульсы города,2016
6,Burak Yeter feat. Danelle Sandoval,Tuesday,2016
7,"Major Lazer feat. Nyla, Fuse ODG","Light It Up (feat. Nyla & Fuse ODG)
Remix",2016
8,Coldplay,Hymn For The Weekend,2016
9,Twenty One Pilots,Stressed Out,2016
10,LP,Other People (Swanky Tunes & Going Deeper Remix),2016
11,Carla's Dreams,"Sub Pielea Mea
Midi Culture Remix",2016
12,Ёлка,Грею счастье,2016
13,Era Istrefi,Bonbon,2016
14,"Kungs, Cookin' On 3 Burners","This Girl (Kungs Vs. Cookin' On 3 Burners)
Kungs Vs. Cookin' On 3 Burners",2016
15,Alan Walker,Faded,2016
16,ALEKSEEV,Drunken Sun,2016
17,The Parakit feat. Alden Jacob,Save Me (feat. Alden Jacob),2016
18,DNCE,"Cake By The Ocean
クリーン・ヴァージョン",2016
19,Duke Dumont,Ocean Drive,2016
20,Gorgon City feat. ROMANS,Saving My Life,2016
21,"Lil Wayne, Wiz Khalifa, Imagine Dragons feat. Logic, Ty Dolla $ign, X Ambassadors","Sucker For Pain (with Logic, Ty Dolla $ign & X Ambassadors)",2016
22,Сергей Лазарев,You Are the Only One,2016
23,Zara Larsson,Lush Life,2016
24,Willy William,Ego,2016
25,Justin Timberlake,"CAN'T STOP THE FEELING! (Original Song from DreamWorks Animation's ""TROLLS"")",2016
26,Pink,Just Like Fire,2016
27,The Avener feat. Ane Brun,To Let Myself Go,2016
28,Charlie Puth feat. Selena Gomez,We Don't Talk Anymore (feat. Selena Gomez),2016
29,Amir,J'ai cherché,2016
30,DJ Snake feat. Justin Bieber,Let Me Love You,2016
31,Cheat Codes x Kris Kross Amsterdam,Sex,2016
32,Kadebostany,Teddy Bear (Astero Radio Remix),2016
33,Mike Posner,"I Took A Pill In Ibiza
Seeb Remix",2016
34,Юлианна Караулова,Внеорбитные,2016
35,Felix Jaehn feat. Polina,"Book Of Love
Radio Edit",2016
36,Shawn Mendes,Stitches,2016
37,Feder feat. Alex Aiono,Lordly (feat. Alex Aiono),2016
38,The Chainsmokers feat. Daya,Don't Let Me Down,2016
39,"Jonas Blue, JP Cooper",Perfect Strangers,2016
40,Julian Perretta,Miracle,2016
1,Rag'n'Bone Man,Human,2017
2,"Luis Fonsi, Daddy Yankee",Despacito,2017
3,Ed Sheeran,Shape of You,2017
4,Imagine Dragons,Thunder,2017
5,Charlie Puth,Attention,2017
6,Елена Темникова,Вдох,2017
7,Kaleo,Way Down We Go,2017
8,Katy Perry feat. Skip Marley,Chained To The Rhythm,2017
9,AJR,Weak,2017
10,"Элджей, Feduk",Розовое вино,2017
11,LP,Other People (Swanky Tunes & Going Deeper Remix),2017
12,DNCE feat. Nicki Minaj,Kissing Strangers,2017
13,The Weeknd feat. Daft Punk,Starboy,2017
14,Artik & Asti,Неделимы,2017
15,Alle Farben,Bad Ideas,2017
16,Ofenbach,Be Mine,2017
17,Post Malone feat. 21 Savage,rockstar,2017
18,Макс Барских,Туманы,2017
19,Arilena Ara,Nentori (Beverly Pills Remix),2017
20,ZAYN feat. Sia,"Dusk Till Dawn
Radio Edit",2017
21,Ёлка,Впусти музыку,2017
22,Vanotek feat. Eneli,Tell Me Who,2017
23,JP Cooper,She's On My Mind,2017
24,"The Chainsmokers, Coldplay",Something Just Like This,2017
25,Tim3bomb,La Cancion,2017
26,"Alok, Bruno Martini, Zeeba",Hear Me Now,2017
27,Axwell /\ Ingrosso,More Than You Know,2017
28,MONATIK,Кружит,2017
29,Robin Schulz feat. James Blunt,OK (feat. James Blunt),2017
30,Portugal. The Man,Feel It Still,2017
31,Dua Lipa,New Rules,2017
32,LOBODA,твои глаза,2017
33,"J. Balvin, Willy William",Mi Gente,2017
34,Oceana,Can't Stop Thinking About You,2017
35,T-Fest,Улети,2017
36,The Parakit feat. Alden Jacob,When I Hold You [Radio Edit],2017
37,Burito,По волнам,2017
38,Palastic feat. Bright Sparks,Lying In The Sun,2017
39,Kokab,Got U (Ready or Not),2017
40,PIZZA,Романс,2017
1,Imagine Dragons,Whatever It Takes,2018
2,Merk & Kremont feat. DNCE,Hands Up,2018
3,Jax Jones feat. Ina Wroldsen,Breathe,2018
4,Luis Fonsi & Demi Lovato,Echame La Culpa,2018
5,"Gigi D'Agostino, Dynoro",In My Mind,2018
6,Jah Khalib,Медина,2018
7,Post Malone,Better Now,2018
8,Imagine Dragons,Natural,2018
9,"David Guetta, Sia",Flames,2018
10,Tom Walker,Leave a Light On,2018
11,C-Bool feat. Giang Pham,DJ Is Your Second Name,2018
12,Burito,Штрихи,2018
13,"Calvin Harris, Dua Lipa",One Kiss,2018
14,Justin Timberlake feat. Chris Stapleton,Say Something,2018
15,"G-Eazy, Halsey",Him & I,2018
16,"Maruv, Boosin",Drunk Groove,2018
17,Alvaro Soler,La Cintura,2018
18,Rompasso,Ignis,2018
19,Arash feat. Helena,Dooset Daram (feat. Helena),2018
20,KAZKA,ПЛАКАЛА,2018
21,Betta Lemme,Bambola,2018
22,"Sofi Tukker feat. NERVO, The Knocks, ALISA UENO",Best Friend,2018
23,Miyagi & Эндшпиль feat. KADI,In Love,2018
24,Clean Bandit feat. Demi Lovato,Solo (feat. Demi Lovato),2018
25,"Felix Jaehn feat. Marc E. Bassy, Gucci Mane",Cool,2018
26,Jason Derulo feat. French Montana,Tip Toe (feat. French Montana),2018
27,"Marshmello, Anne-Marie",FRIENDS,2018
28,Градусы,ОНА,2018
29,Bebe Rexha,Self Control,2018
30,"Swanky Tunes, LP",Day By Day,2018
31,Tim3bomb feat. Tim Schou,Magic,2018
32,Елена Темникова,Не модные,2018
33,"Consoul Trainin feat. Steven Aderinto, DuoViolins",Obsession (feat. Steven Aderinto & DuoViolins),2018
34,Vanotek feat. Eneli,Back to Me,2018
35,"CamelPhat, Elderbrook","Cola
Robin Schulz Remix",2018
36,Rita Ora,Let You Love Me,2018
37,Элджей,Минимал,2018
38,Mohombi,Mr. Loverman,2018
39,The Prince Karma,Later Bitches,2018
40,"Vanessa Da Mata, Felguk, Cat Dealers","Ai Ai Ai
Felguk & Cat Dealers Remix",2018
1,Billie Eilish,bad guy,2019
2,Lil Nas X feat. Billy Ray Cyrus,"Old Town Road
Remix",2019
3,Tones and I,Dance Monkey,2019
4,Ariana Grande,7 rings,2019
5,Zivert,Life,2019
6,"Ed Sheeran, Justin Bieber",I Don't Care,2019
7,"Sam Smith, Normani",Dancing With A Stranger,2019
8,"Lil Peep, XXXTENTACION","Falling Down
Bonus Track",2019
9,"Daddy Yankee, Katy Perry feat. Snow","Con Calma
Remix",2019
10,Arash feat. Helena,One Night in Dubai (feat. Helena),2019
11,JONY,Аллея,2019
12,"Calvin Harris, Rag'n'Bone Man",Giant,2019
13,"Shawn Mendes, Camila Cabello",Señorita,2019
14,Halsey,Nightmare,2019
15,Звонкий,Голоса,2019
16,Madcon,Beggin',2019
17,Jonas Brothers,Sucker,2019
18,"Meduza, Goodboys",Piece Of Your Heart,2019
19,"Pedro Capó, Farruko","Calma
Remix",2019
20,Ava Max,Sweet but Psycho,2019
21,MARUV,Siren Song,2019
22,"benny blanco, Calvin Harris",I Found You,2019
23,Mohombi,Hello,2019
24,HammAli & Navai,Девочка-война,2019
25,"Denis First, Reznikov, Bright Sparks",Shameless,2019
26,Aaron Smith,"Dancin
Krono Remix",2019
27,"Dua Lipa, BLACKPINK",Kiss and Make Up,2019
28,"Don Diablo feat. Emeli Sandé, Gucci Mane",Survive,2019
29,Artik & Asti feat. Артем Качер,Грустный дэнс (feat. Артем Качер),2019
30,SHANGUY,Toukassé,2019
31,Arnon feat. Killua,Te Molla (feat. Killua),2019
32,Rompasso,Paradise,2019
33,RSAC,"NBA
Rompasso Remix",2019
34,SAINt JHN,Roses (Imanbek Remix),2019
35,Элджей feat. Era Istrefi,Sayonara детка,2019
36,"Tiësto, Jonas Blue, Rita Ora",Ritual,2019
37,Tim3bomb,Manana,2019
38,Gaullin,Moonlight,2019
39,Netta,Nana Banana,2019
40,Vanotek,Love Is Gone,2019
